{
    "!": {
        "!": 0.0,
        "\"": 0.0,
        "#": 0.0,
        "$": 0.0,
        "%": 0.25,
        "&": 0.0,
        "'": 0.25,
        "(": 0.0,
        ")": 0.0,
        "*": 0.0,
        "+": 0.0,
        ",": 0.0,
        "-": 0.25,
        ".": 0.0,
        "/": 0.0,
        "0": 0.0,
        "1": 0.25,
        "2": 0.0,
        "3": 0.0,
        "4": 0.0
    },
    "\"": {
        "!": 0.0,
        "\"": 0.3333333333333333,
        "#": 0.0,
        "$": 0.0,
        "%": 0.0,
        "&": 0.0,
        "'": 0.0,
        "(": 0.3333333333333333,
        ")": 0.0,
        "*": 0.3333333333333333,
        "+": 0.0,
        ",": 0.0,
        "-": 0.0,
        ".": 0.0,
        "/": 0.0,
        "0": 0.0,
        "1": 0.0,
        "2": 0.0,
        "3": 0.0,
        "4": 0.0
    },
    "#": {
        "!": 0.0,
        "\"": 0.0,
        "#": 0.0,
        "$": 0.5,
        "%": 0.0,
        "&": 0.0,
        "'": 0.0,
        "(": 0.0,
        ")": 0.0,
        "*": 0.5,
        "+": 0.0,
        ",": 0.0,
        "-": 0.0,
        ".": 0.0,
        "/": 0.0,
        "0": 0.0,
        "1": 0.0,
        "2": 0.0,
        "3": 0.0,
        "4": 0.0
    },
    "$": {
        "!": 0.0,
        "\"": 0.0,
        "#": 0.0,
        "$": 0.0,
        "%": 0.0,
        "&": 0.3333333333333333,
        "'": 0.0,
        "(": 0.0,
        ")": 0.0,
        "*": 0.0,
        "+": 0.0,
        ",": 0.0,
        "-": 0.3333333333333333,
        ".": 0.0,
        "/": 0.0,
        "0": 0.3333333333333333,
        "1": 0.0,
        "2": 0.0,
        "3": 0.0,
        "4": 0.0
    },
    "%": {
        "!": 0.0,
        "\"": 0.0,
        "#": 0.0,
        "$": 0.0,
        "%": 0.0,
        "&": 0.0,
        "'": 0.0,
        "(": 0.0,
        ")": 0.0,
        "*": 0.0,
        "+": 0.0,
        ",": 0.0,
        "-": 0.5,
        ".": 0.0,
        "/": 0.0,
        "0": 0.0,
        "1": 0.0,
        "2": 0.5,
        "3": 0.0,
        "4": 0.0
    },
    "&": {
        "!": 0.0,
        "\"": 0.0,
        "#": 0.0,
        "$": 0.0,
        "%": 0.0,
        "&": 0.0,
        "'": 0.0,
        "(": 0.0,
        ")": 0.0,
        "*": 0.0,
        "+": 0.0,
        ",": 0.0,
        "-": 0.5,
        ".": 0.5,
        "/": 0.0,
        "0": 0.0,
        "1": 0.0,
        "2": 0.0,
        "3": 0.0,
        "4": 0.0
    },
    "'": {
        "!": 0.25,
        "\"": 0.0,
        "#": 0.0,
        "$": 0.0,
        "%": 0.0,
        "&": 0.25,
        "'": 0.0,
        "(": 0.25,
        ")": 0.0,
        "*": 0.0,
        "+": 0.0,
        ",": 0.0,
        "-": 0.0,
        ".": 0.0,
        "/": 0.0,
        "0": 0.25,
        "1": 0.0,
        "2": 0.0,
        "3": 0.0,
        "4": 0.0
    },
    "(": {
        "!": 0.0,
        "\"": 0.0,
        "#": 0.0,
        "$": 0.0,
        "%": 0.3333333333333333,
        "&": 0.0,
        "'": 0.0,
        "(": 0.0,
        ")": 0.0,
        "*": 0.3333333333333333,
        "+": 0.0,
        ",": 0.0,
        "-": 0.0,
        ".": 0.0,
        "/": 0.0,
        "0": 0.3333333333333333,
        "1": 0.0,
        "2": 0.0,
        "3": 0.0,
        "4": 0.0
    },
    ")": {
        "!": 0.0,
        "\"": 0.0,
        "#": 0.0,
        "$": 1.0,
        "%": 0.0,
        "&": 0.0,
        "'": 0.0,
        "(": 0.0,
        ")": 0.0,
        "*": 0.0,
        "+": 0.0,
        ",": 0.0,
        "-": 0.0,
        ".": 0.0,
        "/": 0.0,
        "0": 0.0,
        "1": 0.0,
        "2": 0.0,
        "3": 0.0,
        "4": 0.0
    },
    "*": {
        "!": 0.0,
        "\"": 0.0,
        "#": 0.25,
        "$": 0.0,
        "%": 0.0,
        "&": 0.0,
        "'": 0.0,
        "(": 0.0,
        ")": 0.0,
        "*": 0.0,
        "+": 0.0,
        ",": 0.0,
        "-": 0.0,
        ".": 0.0,
        "/": 0.25,
        "0": 0.0,
        "1": 0.0,
        "2": 0.25,
        "3": 0.0,
        "4": 0.25
    },
    "+": {
        "!": 0.0,
        "\"": 0.0,
        "#": 0.0,
        "$": 0.0,
        "%": 0.0,
        "&": 0.0,
        "'": 0.0,
        "(": 1.0,
        ")": 0.0,
        "*": 0.0,
        "+": 0.0,
        ",": 0.0,
        "-": 0.0,
        ".": 0.0,
        "/": 0.0,
        "0": 0.0,
        "1": 0.0,
        "2": 0.0,
        "3": 0.0,
        "4": 0.0
    },
    ",": {
        "!": 0.5,
        "\"": 0.0,
        "#": 0.0,
        "$": 0.0,
        "%": 0.0,
        "&": 0.0,
        "'": 0.0,
        "(": 0.0,
        ")": 0.0,
        "*": 0.0,
        "+": 0.0,
        ",": 0.0,
        "-": 0.0,
        ".": 0.0,
        "/": 0.0,
        "0": 0.0,
        "1": 0.0,
        "2": 0.5,
        "3": 0.0,
        "4": 0.0
    },
    "-": {
        "!": 0.0,
        "\"": 0.0,
        "#": 0.25,
        "$": 0.0,
        "%": 0.0,
        "&": 0.0,
        "'": 0.25,
        "(": 0.0,
        ")": 0.0,
        "*": 0.0,
        "+": 0.0,
        ",": 0.0,
        "-": 0.0,
        ".": 0.0,
        "/": 0.25,
        "0": 0.0,
        "1": 0.0,
        "2": 0.25,
        "3": 0.0,
        "4": 0.0
    },
    ".": {
        "!": 0.0,
        "\"": 0.0,
        "#": 0.0,
        "$": 0.0,
        "%": 0.0,
        "&": 0.0,
        "'": 0.0,
        "(": 0.0,
        ")": 0.0,
        "*": 0.0,
        "+": 0.0,
        ",": 0.0,
        "-": 0.0,
        ".": 0.0,
        "/": 0.0,
        "0": 0.0,
        "1": 0.0,
        "2": 1.0,
        "3": 0.0,
        "4": 0.0
    },
    "/": {
        "!": 0.0,
        "\"": 0.0,
        "#": 0.0,
        "$": 0.0,
        "%": 0.0,
        "&": 0.0,
        "'": 0.5,
        "(": 0.0,
        ")": 0.0,
        "*": 0.0,
        "+": 0.0,
        ",": 0.0,
        "-": 0.0,
        ".": 0.0,
        "/": 0.0,
        "0": 0.5,
        "1": 0.0,
        "2": 0.0,
        "3": 0.0,
        "4": 0.0
    },
    "0": {
        "!": 0.2,
        "\"": 0.0,
        "#": 0.0,
        "$": 0.0,
        "%": 0.0,
        "&": 0.0,
        "'": 0.2,
        "(": 0.0,
        ")": 0.0,
        "*": 0.0,
        "+": 0.0,
        ",": 0.2,
        "-": 0.0,
        ".": 0.0,
        "/": 0.0,
        "0": 0.0,
        "1": 0.0,
        "2": 0.2,
        "3": 0.2,
        "4": 0.0
    },
    "1": {
        "!": 0.0,
        "\"": 0.0,
        "#": 0.0,
        "$": 0.0,
        "%": 0.0,
        "&": 0.0,
        "'": 0.0,
        "(": 0.0,
        ")": 1.0,
        "*": 0.0,
        "+": 0.0,
        ",": 0.0,
        "-": 0.0,
        ".": 0.0,
        "/": 0.0,
        "0": 0.0,
        "1": 0.0,
        "2": 0.0,
        "3": 0.0,
        "4": 0.0
    },
    "2": {
        "!": 0.16666666666666666,
        "\"": 0.16666666666666666,
        "#": 0.0,
        "$": 0.0,
        "%": 0.0,
        "&": 0.0,
        "'": 0.0,
        "(": 0.0,
        ")": 0.0,
        "*": 0.16666666666666666,
        "+": 0.16666666666666666,
        ",": 0.16666666666666666,
        "-": 0.0,
        ".": 0.0,
        "/": 0.0,
        "0": 0.0,
        "1": 0.0,
        "2": 0.0,
        "3": 0.0,
        "4": 0.16666666666666666
    },
    "3": {
        "!": 0.0,
        "\"": 0.0,
        "#": 0.0,
        "$": 0.0,
        "%": 0.0,
        "&": 0.0,
        "'": 0.0,
        "(": 0.0,
        ")": 0.0,
        "*": 0.0,
        "+": 0.0,
        ",": 0.0,
        "-": 0.5,
        ".": 0.0,
        "/": 0.0,
        "0": 0.5,
        "1": 0.0,
        "2": 0.0,
        "3": 0.0,
        "4": 0.0
    },
    "4": {
        "!": 0.0,
        "\"": 0.5,
        "#": 0.0,
        "$": 0.0,
        "%": 0.0,
        "&": 0.0,
        "'": 0.0,
        "(": 0.0,
        ")": 0.0,
        "*": 0.0,
        "+": 0.0,
        ",": 0.0,
        "-": 0.0,
        ".": 0.0,
        "/": 0.0,
        "0": 0.0,
        "1": 0.0,
        "2": 0.0,
        "3": 0.5,
        "4": 0.0
    }
}